Date,Area,District,First_class,Marketing_mail
2020-10-24,Nation,NA,86.19,89.24
2020-10-26,Nation,NA,88.92,88.02
2020-10-27,Nation,NA,63.73,90.02
2020-10-28,Nation,NA,79.29,87.57
2020-10-29,Nation,NA,89.29,87.44
2020-10-30,Nation,NA,85.33,85.64
2020-10-31,Nation,NA,85.49,83.4
2020-11-02,Nation,NA,88.94,83.25
2020-11-03,Nation,NA,77.17,88.98
2020-10-24,Capital Metro,NA,79.72,80.37
2020-10-24,Eastern,NA,80.06,84.36
2020-10-24,Great Lakes,NA,86.17,90.23
2020-10-24,Northeast,NA,89.13,92.94
2020-10-24,Pacific,NA,92.6,96.21
2020-10-24,Southern,NA,87.58,88.4
2020-10-24,Western,NA,87.43,92.46
2020-10-26,Capital Metro,NA,82.46,74.54
2020-10-26,Eastern,NA,82.49,79.64
2020-10-26,Great Lakes,NA,88.75,90.58
2020-10-26,Northeast,NA,92.2,92.87
2020-10-26,Pacific,NA,94.85,96.38
2020-10-26,Southern,NA,89.9,91.39
2020-10-26,Western,NA,91.18,92.08
2020-10-27,Capital Metro,NA,52.64,79.58
2020-10-27,Eastern,NA,52.91,85.43
2020-10-27,Great Lakes,NA,59.35,89.65
2020-10-27,Northeast,NA,71.76,93.17
2020-10-27,Pacific,NA,74.62,96.64
2020-10-27,Southern,NA,68.04,92.41
2020-10-27,Western,NA,68.03,91.96
2020-10-28,Capital Metro,NA,66.76,74.29
2020-10-28,Eastern,NA,74.63,81.16
2020-10-28,Great Lakes,NA,75.85,86.5
2020-10-28,Northeast,NA,85.69,92.22
2020-10-28,Pacific,NA,87,96.91
2020-10-28,Southern,NA,81.56,91.03
2020-10-28,Western,NA,82.53,90.5
2020-10-29,Capital Metro,NA,85.49,73.46
2020-10-29,Eastern,NA,80.7,81.08
2020-10-29,Great Lakes,NA,88.26,85.41
2020-10-29,Northeast,NA,93.04,92.45
2020-10-29,Pacific,NA,94.36,96.9
2020-10-29,Southern,NA,90.81,90.15
2020-10-29,Western,NA,92.49,91.56
2020-10-30,Capital Metro,NA,78.8,72.59
2020-10-30,Eastern,NA,78.88,81.11
2020-10-30,Great Lakes,NA,85.83,82.67
2020-10-30,Northeast,NA,90.83,90.34
2020-10-30,Pacific,NA,90.76,96.64
2020-10-30,Southern,NA,84.79,86.79
2020-10-30,Western,NA,88.46,89.29
2020-10-31,Capital Metro,NA,77.87,64.72
2020-10-31,Eastern,NA,78.5,77.56
2020-10-31,Great Lakes,NA,85.38,79.42
2020-10-31,Northeast,NA,90.84,89.4
2020-10-31,Pacific,NA,93.51,95.95
2020-10-31,Southern,NA,86.97,86.86
2020-10-31,Western,NA,86.8,87.9
2020-11-02,Capital Metro,NA,84.03,67.33
2020-11-02,Eastern,NA,83.43,76.28
2020-11-02,Great Lakes,NA,88.05,79.52
2020-11-02,Northeast,NA,92.5,92.41
2020-11-02,Pacific,NA,94.61,95.19
2020-11-02,Southern,NA,90.95,87.82
2020-11-02,Western,NA,90.24,86.55
2020-11-03,Capital Metro,NA,70.67,81.79
2020-11-03,Eastern,NA,70.36,81.56
2020-11-03,Great Lakes,NA,75.15,84.93
2020-11-03,Northeast,NA,87.2,95.24
2020-11-03,Pacific,NA,81.16,96.63
2020-11-03,Southern,NA,77.83,92.25
2020-11-03,Western,NA,80.62,89.86
2020-10-24,Capital Metro,Atlanta,83.97,72.9
2020-10-24,Capital Metro,Baltimore,61.49,75.48
2020-10-24,Capital Metro,Capital,76.07,94.38
2020-10-24,Capital Metro,Greater S Carolina,77.39,87.1
2020-10-24,Capital Metro,Greensboro,76.74,67.42
2020-10-24,Capital Metro,Mid-Carolinas,85.05,88.26
2020-10-24,Capital Metro,Norther Virginia,83.71,94.96
2020-10-24,Capital Metro,Richmond,82.15,87.37
2020-10-24,Eastern,Appalachian,90.02,95.36
2020-10-24,Eastern,Central Pennsylvania,62.43,58.66
2020-10-24,Eastern,Kentuckiana,90.47,96.87
2020-10-24,Eastern,Norther Ohio,80.89,75.12
2020-10-24,Eastern,Ohio Valley,83.28,84.12
2020-10-24,Eastern,Philadelphia Metropo,56.02,74.57
2020-10-24,Eastern,South Jersey,80.13,89.89
2020-10-24,Eastern,Tennessee,86,90.02
2020-10-24,Eastern,Western New York,90.1,94.15
2020-10-24,Eastern,Western Pennsylvania,86.88,97.88
2020-10-24,Great Lakes,Central Illinois,84.97,85.97
2020-10-24,Great Lakes,Chicago,91.22,89.8
2020-10-24,Great Lakes,Detroit,71.5,85.56
2020-10-24,Great Lakes,Gateway,88.3,92.9
2020-10-24,Great Lakes,Greater Indiana,93.09,94.24
2020-10-24,Great Lakes,Greater Michigan,87.36,93.27
2020-10-24,Great Lakes,Lakeland,87.09,93.4
2020-10-24,Northeast,Albany,88.19,94.93
2020-10-24,Northeast,Caribbean,97.01,96.36
2020-10-24,Northeast,Connecticut Valley,87.04,94.86
2020-10-24,Northeast,Greater Boston,89.66,86.03
2020-10-24,Northeast,Long Island,89.35,94.15
2020-10-24,Northeast,New York,86.87,97.91
2020-10-24,Northeast,Northern New England,90.74,95.66
2020-10-24,Northeast,Northern New Jersey,88.16,92.34
2020-10-24,Northeast,Triboro,92.48,95.31
2020-10-24,Northeast,Westchester,88.57,84.12
2020-10-24,Pacific,Bay-Valley,93.6,96.79
2020-10-24,Pacific,Honolulu,91,88.59
2020-10-24,Pacific,Los Angeles,90.09,95.77
2020-10-24,Pacific,Sacramento,94.22,92.25
2020-10-24,Pacific,San Diego,92.6,96.34
2020-10-24,Pacific,San Francisco,94.5,98.64
2020-10-24,Pacific,Santa Ana,92.36,97.43
2020-10-24,Pacific,Sierra Coastal,91.69,97.15
2020-10-24,Southern,Alabama,80.51,81.34
2020-10-24,Southern,Arkansas,89.32,93.77
2020-10-24,Southern,Dallas,91.3,94.65
2020-10-24,Southern,Ft. Worth,87.57,87.71
2020-10-24,Southern,Gulf Atlantic,78.83,86.38
2020-10-24,Southern,Houston,88.78,90.16
2020-10-24,Southern,Louisiana,91.44,81.47
2020-10-24,Southern,Mississippi,79.79,89.5
2020-10-24,Southern,Oklahoma,93.14,94.48
2020-10-24,Southern,Rio Grande,92.42,92.23
2020-10-24,Southern,South Florida,84.91,92.82
2020-10-24,Southern,Suncoast,89.04,80.05
2020-10-24,Western,Alaska,84.25,92.37
2020-10-24,Western,Arizona,90.12,88.13
2020-10-24,Western,Central Plains,88.94,96.12
2020-10-24,Western,Colorado/Wyoming,74.36,92.17
2020-10-24,Western,Dakotas,90.27,96.49
2020-10-24,Western,Hawkeye,88.96,93.61
2020-10-24,Western,Mid-Americas,89.14,90.04
2020-10-24,Western,Nevada Sierra,91.68,97.05
2020-10-24,Western,Northland,81.98,93.64
2020-10-24,Western,Portland,88.58,92.76
2020-10-24,Western,Salt Lake City,93.06,92.07
2020-10-24,Western,Seattle,86.08,91.31
2020-10-26,Capital Metro,Atlanta,87.34,62.56
2020-10-26,Capital Metro,Baltimore,69.42,66.91
2020-10-26,Capital Metro,Capital,82.46,95.96
2020-10-26,Capital Metro,Greater S Carolina,73.11,86.77
2020-10-26,Capital Metro,Greensboro,79.18,59.05
2020-10-26,Capital Metro,Mid-Carolinas,88.18,76.78
2020-10-26,Capital Metro,Norther Virginia,86.92,96.07
2020-10-26,Capital Metro,Richmond,88.77,89.92
2020-10-26,Eastern,Appalachian,86.71,90.73
2020-10-26,Eastern,Central Pennsylvania,70.61,65.26
2020-10-26,Eastern,Kentuckiana,88.84,95.84
2020-10-26,Eastern,Norther Ohio,83.4,73.57
2020-10-26,Eastern,Ohio Valley,87.91,81.09
2020-10-26,Eastern,Philadelphia Metropo,60.31,53
2020-10-26,Eastern,South Jersey,81.02,86.84
2020-10-26,Eastern,Tennessee,90.1,89.41
2020-10-26,Eastern,Western New York,89.46,94.07
2020-10-26,Eastern,Western Pennsylvania,91.34,98.23
2020-10-26,Great Lakes,Central Illinois,86.93,84.64
2020-10-26,Great Lakes,Chicago,92.78,91.85
2020-10-26,Great Lakes,Detroit,77.24,82.8
2020-10-26,Great Lakes,Gateway,88.85,93.9
2020-10-26,Great Lakes,Greater Indiana,94.54,94.64
2020-10-26,Great Lakes,Greater Michigan,88.91,94.21
2020-10-26,Great Lakes,Lakeland,90.66,95.4
2020-10-26,Northeast,Albany,92.5,93.53
2020-10-26,Northeast,Caribbean,95.19,97.28
2020-10-26,Northeast,Connecticut Valley,91.87,96.13
2020-10-26,Northeast,Greater Boston,93.33,92.27
2020-10-26,Northeast,Long Island,88.89,93.57
2020-10-26,Northeast,New York,91.63,97.28
2020-10-26,Northeast,Northern New England,92.19,95.49
2020-10-26,Northeast,Northern New Jersey,93.04,89.91
2020-10-26,Northeast,Triboro,92.15,90.13
2020-10-26,Northeast,Westchester,89.36,86.06
2020-10-26,Pacific,Bay-Valley,94.85,97.68
2020-10-26,Pacific,Honolulu,92.98,45.13
2020-10-26,Pacific,Los Angeles,93.73,95.45
2020-10-26,Pacific,Sacramento,95.82,94.04
2020-10-26,Pacific,San Diego,94.89,96.96
2020-10-26,Pacific,San Francisco,95.4,97.64
2020-10-26,Pacific,Santa Ana,95.35,97.33
2020-10-26,Pacific,Sierra Coastal,93.05,97.51
2020-10-26,Southern,Alabama,86.62,82.34
2020-10-26,Southern,Arkansas,94.69,91.63
2020-10-26,Southern,Dallas,91.84,96.42
2020-10-26,Southern,Ft. Worth,90.49,88.43
2020-10-26,Southern,Gulf Atlantic,82.59,85.42
2020-10-26,Southern,Houston,90.19,96
2020-10-26,Southern,Louisiana,92.34,89.46
2020-10-26,Southern,Mississippi,82.19,85.89
2020-10-26,Southern,Oklahoma,94.38,96.69
2020-10-26,Southern,Rio Grande,92.86,90.75
2020-10-26,Southern,South Florida,88.26,92.27
2020-10-26,Southern,Suncoast,91.8,92.18
2020-10-26,Western,Alaska,86.6,86.32
2020-10-26,Western,Arizona,92.18,87.91
2020-10-26,Western,Central Plains,94.69,93.42
2020-10-26,Western,Colorado/Wyoming,75.49,90.51
2020-10-26,Western,Dakotas,92.27,95.75
2020-10-26,Western,Hawkeye,92.61,92.65
2020-10-26,Western,Mid-Americas,91.5,92.41
2020-10-26,Western,Nevada Sierra,92.84,93.99
2020-10-26,Western,Northland,88.88,91.64
2020-10-26,Western,Portland,92.74,94.12
2020-10-26,Western,Salt Lake City,94.05,93.19
2020-10-26,Western,Seattle,91.97,95.92
2020-10-27,Capital Metro,Atlanta,53.78,77.18
2020-10-27,Capital Metro,Baltimore,31.86,70.54
2020-10-27,Capital Metro,Capital,59.02,95.8
2020-10-27,Capital Metro,Greater S Carolina,41.8,91.24
2020-10-27,Capital Metro,Greensboro,47.78,61.12
2020-10-27,Capital Metro,Mid-Carolinas,64.71,71.61
2020-10-27,Capital Metro,Norther Virginia,53.79,96.58
2020-10-27,Capital Metro,Richmond,63.89,92.27
2020-10-27,Eastern,Appalachian,61.71,93.64
2020-10-27,Eastern,Central Pennsylvania,58.2,61.75
2020-10-27,Eastern,Kentuckiana,72.2,97.67
2020-10-27,Eastern,Norther Ohio,46.25,77.96
2020-10-27,Eastern,Ohio Valley,50.98,87.3
2020-10-27,Eastern,Philadelphia Metropo,23.19,71.29
2020-10-27,Eastern,South Jersey,42.01,88.61
2020-10-27,Eastern,Tennessee,61.72,92.63
2020-10-27,Eastern,Western New York,67.65,97.28
2020-10-27,Eastern,Western Pennsylvania,69.61,97.36
2020-10-27,Great Lakes,Central Illinois,63.88,89.92
2020-10-27,Great Lakes,Chicago,65.89,94.52
2020-10-27,Great Lakes,Detroit,42.94,76.59
2020-10-27,Great Lakes,Gateway,70.15,92.61
2020-10-27,Great Lakes,Greater Indiana,65.02,95.91
2020-10-27,Great Lakes,Greater Michigan,59.76,86.62
2020-10-27,Great Lakes,Lakeland,56.07,95.32
2020-10-27,Northeast,Albany,71.45,93.31
2020-10-27,Northeast,Caribbean,92.96,80.62
2020-10-27,Northeast,Connecticut Valley,72.97,94.01
2020-10-27,Northeast,Greater Boston,64.51,93.1
2020-10-27,Northeast,Long Island,73.77,96.09
2020-10-27,Northeast,New York,71.25,97.3
2020-10-27,Northeast,Northern New England,70.93,86.59
2020-10-27,Northeast,Northern New Jersey,66.36,93.77
2020-10-27,Northeast,Triboro,85.13,93.29
2020-10-27,Northeast,Westchester,70.1,93.39
2020-10-27,Pacific,Bay-Valley,75.49,97.23
2020-10-27,Pacific,Honolulu,83.04,88.85
2020-10-27,Pacific,Los Angeles,78.27,97
2020-10-27,Pacific,Sacramento,80.04,93.19
2020-10-27,Pacific,San Diego,75.36,96.42
2020-10-27,Pacific,San Francisco,73.13,98.38
2020-10-27,Pacific,Santa Ana,61.63,98.03
2020-10-27,Pacific,Sierra Coastal,74.98,97.57
2020-10-27,Southern,Alabama,57,89.48
2020-10-27,Southern,Arkansas,71.83,92.98
2020-10-27,Southern,Dallas,73.91,93.78
2020-10-27,Southern,Ft. Worth,73.05,93.15
2020-10-27,Southern,Gulf Atlantic,59.06,86.14
2020-10-27,Southern,Houston,78.52,95.49
2020-10-27,Southern,Louisiana,68.11,90.09
2020-10-27,Southern,Mississippi,52.96,87.55
2020-10-27,Southern,Oklahoma,79.26,96.7
2020-10-27,Southern,Rio Grande,78.02,95.34
2020-10-27,Southern,South Florida,55.35,89.75
2020-10-27,Southern,Suncoast,61.65,95.57
2020-10-27,Western,Alaska,66.61,90.87
2020-10-27,Western,Arizona,69.89,90.06
2020-10-27,Western,Central Plains,87.72,96.3
2020-10-27,Western,Colorado/Wyoming,38.53,86.47
2020-10-27,Western,Dakotas,66.78,94.67
2020-10-27,Western,Hawkeye,69.78,93.8
2020-10-27,Western,Mid-Americas,58.07,85.82
2020-10-27,Western,Nevada Sierra,76.61,96.5
2020-10-27,Western,Northland,58.87,90.96
2020-10-27,Western,Portland,74.19,87.83
2020-10-27,Western,Salt Lake City,64.12,96.49
2020-10-27,Western,Seattle,61.3,97.31
2020-10-28,Capital Metro,Atlanta,79.41,69.66
2020-10-28,Capital Metro,Baltimore,47.44,82.75
2020-10-28,Capital Metro,Capital,76.06,94.02
2020-10-28,Capital Metro,Greater S Carolina,71.12,87.04
2020-10-28,Capital Metro,Greensboro,57.99,48.09
2020-10-28,Capital Metro,Mid-Carolinas,52.5,66.46
2020-10-28,Capital Metro,Norther Virginia,74.09,95.05
2020-10-28,Capital Metro,Richmond,83.19,89.71
2020-10-28,Eastern,Appalachian,83.72,93.6
2020-10-28,Eastern,Central Pennsylvania,55.59,52.45
2020-10-28,Eastern,Kentuckiana,89.17,96.17
2020-10-28,Eastern,Norther Ohio,72.92,63.74
2020-10-28,Eastern,Ohio Valley,80.62,88.29
2020-10-28,Eastern,Philadelphia Metropo,47.86,62.26
2020-10-28,Eastern,South Jersey,75.69,93.02
2020-10-28,Eastern,Tennessee,86.59,88.76
2020-10-28,Eastern,Western New York,91.78,94.11
2020-10-28,Eastern,Western Pennsylvania,85.33,94.56
2020-10-28,Great Lakes,Central Illinois,72.12,88.7
2020-10-28,Great Lakes,Chicago,80.27,81.41
2020-10-28,Great Lakes,Detroit,55.37,73.78
2020-10-28,Great Lakes,Gateway,82.93,92.47
2020-10-28,Great Lakes,Greater Indiana,87.25,91.35
2020-10-28,Great Lakes,Greater Michigan,76.25,88.75
2020-10-28,Great Lakes,Lakeland,78.5,91.71
2020-10-28,Northeast,Albany,88.76,95.57
2020-10-28,Northeast,Caribbean,95.87,92.2
2020-10-28,Northeast,Connecticut Valley,85.87,93.84
2020-10-28,Northeast,Greater Boston,88.37,84.51
2020-10-28,Northeast,Long Island,83.01,92.75
2020-10-28,Northeast,New York,86.71,96.05
2020-10-28,Northeast,Northern New England,82.24,92.63
2020-10-28,Northeast,Northern New Jersey,81.35,91.47
2020-10-28,Northeast,Triboro,83.8,94.59
2020-10-28,Northeast,Westchester,84.89,94.14
2020-10-28,Pacific,Bay-Valley,89.93,96.25
2020-10-28,Pacific,Honolulu,89.41,91.05
2020-10-28,Pacific,Los Angeles,88.68,96.88
2020-10-28,Pacific,Sacramento,85.49,95.06
2020-10-28,Pacific,San Diego,89.43,98.16
2020-10-28,Pacific,San Francisco,85.57,98.42
2020-10-28,Pacific,Santa Ana,83.62,97.13
2020-10-28,Pacific,Sierra Coastal,88.45,96.99
2020-10-28,Southern,Alabama,88.67,84.45
2020-10-28,Southern,Arkansas,88.45,95.01
2020-10-28,Southern,Dallas,77.49,92.49
2020-10-28,Southern,Ft. Worth,84.33,92.85
2020-10-28,Southern,Gulf Atlantic,77.97,84.8
2020-10-28,Southern,Houston,77.31,95.14
2020-10-28,Southern,Louisiana,90.44,90.74
2020-10-28,Southern,Mississippi,79.76,85.61
2020-10-28,Southern,Oklahoma,92.49,97.04
2020-10-28,Southern,Rio Grande,86.51,94.99
2020-10-28,Southern,South Florida,67.01,91.97
2020-10-28,Southern,Suncoast,83.34,89.26
2020-10-28,Western,Alaska,79.51,90.42
2020-10-28,Western,Arizona,80.93,91.23
2020-10-28,Western,Central Plains,86.53,93.77
2020-10-28,Western,Colorado/Wyoming,59.91,78.04
2020-10-28,Western,Dakotas,86.51,95.24
2020-10-28,Western,Hawkeye,87.68,91.01
2020-10-28,Western,Mid-Americas,83.81,77.14
2020-10-28,Western,Nevada Sierra,86.11,97.04
2020-10-28,Western,Northland,81.57,87.57
2020-10-28,Western,Portland,85.78,91.22
2020-10-28,Western,Salt Lake City,80.87,97.38
2020-10-28,Western,Seattle,81.82,97.16
2020-10-29,Capital Metro,Atlanta,90.85,70.31
2020-10-29,Capital Metro,Baltimore,68.89,75
2020-10-29,Capital Metro,Capital,87.32,85.89
2020-10-29,Capital Metro,Greater S Carolina,83.14,89.97
2020-10-29,Capital Metro,Greensboro,80.94,47.68
2020-10-29,Capital Metro,Mid-Carolinas,87.18,70.25
2020-10-29,Capital Metro,Norther Virginia,88.7,92.96
2020-10-29,Capital Metro,Richmond,91.78,86.49
2020-10-29,Eastern,Appalachian,90.07,90.43
2020-10-29,Eastern,Central Pennsylvania,59.42,51.6
2020-10-29,Eastern,Kentuckiana,92.47,95.34
2020-10-29,Eastern,Norther Ohio,77.49,77.71
2020-10-29,Eastern,Ohio Valley,86.44,88.71
2020-10-29,Eastern,Philadelphia Metropo,47.45,52.45
2020-10-29,Eastern,South Jersey,86.44,93.24
2020-10-29,Eastern,Tennessee,94.5,88.73
2020-10-29,Eastern,Western New York,91.57,93.46
2020-10-29,Eastern,Western Pennsylvania,92.25,96.56
2020-10-29,Great Lakes,Central Illinois,85.24,86.45
2020-10-29,Great Lakes,Chicago,88.94,87.17
2020-10-29,Great Lakes,Detroit,76.32,70.87
2020-10-29,Great Lakes,Gateway,92.15,87.85
2020-10-29,Great Lakes,Greater Indiana,93.29,92.65
2020-10-29,Great Lakes,Greater Michigan,88.18,93.39
2020-10-29,Great Lakes,Lakeland,90.36,93.45
2020-10-29,Northeast,Albany,94.51,95.52
2020-10-29,Northeast,Caribbean,97.42,82.27
2020-10-29,Northeast,Connecticut Valley,93.3,93.06
2020-10-29,Northeast,Greater Boston,93.63,87.56
2020-10-29,Northeast,Long Island,87.56,94.64
2020-10-29,Northeast,New York,91.74,97.12
2020-10-29,Northeast,Northern New England,94.11,88.2
2020-10-29,Northeast,Northern New Jersey,93.8,93.91
2020-10-29,Northeast,Triboro,89.45,93.87
2020-10-29,Northeast,Westchester,93.23,92.97
2020-10-29,Pacific,Bay-Valley,94.03,96.45
2020-10-29,Pacific,Honolulu,93.6,96.31
2020-10-29,Pacific,Los Angeles,94.98,96.65
2020-10-29,Pacific,Sacramento,94.57,95.04
2020-10-29,Pacific,San Diego,94.57,96.63
2020-10-29,Pacific,San Francisco,93.49,98.36
2020-10-29,Pacific,Santa Ana,93.85,98.24
2020-10-29,Pacific,Sierra Coastal,94.84,97.4
2020-10-29,Southern,Alabama,91.09,75.85
2020-10-29,Southern,Arkansas,94.01,89.87
2020-10-29,Southern,Dallas,91.4,94.06
2020-10-29,Southern,Ft. Worth,92.2,90.45
2020-10-29,Southern,Gulf Atlantic,86.63,77.92
2020-10-29,Southern,Houston,86.56,95.54
2020-10-29,Southern,Louisiana,92.85,86.36
2020-10-29,Southern,Mississippi,92.56,83.85
2020-10-29,Southern,Oklahoma,91.33,96.01
2020-10-29,Southern,Rio Grande,93.64,95.42
2020-10-29,Southern,South Florida,87.85,91.82
2020-10-29,Southern,Suncoast,93.93,92.92
2020-10-29,Western,Alaska,77.05,96.88
2020-10-29,Western,Arizona,94.78,89.61
2020-10-29,Western,Central Plains,97.27,94.88
2020-10-29,Western,Colorado/Wyoming,73.32,79.96
2020-10-29,Western,Dakotas,92.75,94.92
2020-10-29,Western,Hawkeye,94.16,94.85
2020-10-29,Western,Mid-Americas,91.82,82.56
2020-10-29,Western,Nevada Sierra,94.21,97.09
2020-10-29,Western,Northland,90.75,90.5
2020-10-29,Western,Portland,93.98,96.18
2020-10-29,Western,Salt Lake City,93.61,96.44
2020-10-29,Western,Seattle,91.32,97.09
2020-10-30,Capital Metro,Atlanta,85.56,63.38
2020-10-30,Capital Metro,Baltimore,66.61,84.6
2020-10-30,Capital Metro,Capital,83.87,86.23
2020-10-30,Capital Metro,Greater S Carolina,66.72,85.13
2020-10-30,Capital Metro,Greensboro,68.24,57.85
2020-10-30,Capital Metro,Mid-Carolinas,83.28,64.52
2020-10-30,Capital Metro,Norther Virginia,81.29,94.67
2020-10-30,Capital Metro,Richmond,88.24,84.5
2020-10-30,Eastern,Appalachian,90.94,90.35
2020-10-30,Eastern,Central Pennsylvania,63.49,50.76
2020-10-30,Eastern,Kentuckiana,89.15,94.82
2020-10-30,Eastern,Norther Ohio,73.42,65.04
2020-10-30,Eastern,Ohio Valley,83.02,89.81
2020-10-30,Eastern,Philadelphia Metropo,56.73,67.17
2020-10-30,Eastern,South Jersey,84.51,92.25
2020-10-30,Eastern,Tennessee,87.22,85.98
2020-10-30,Eastern,Western New York,92.66,95.51
2020-10-30,Eastern,Western Pennsylvania,88.43,96.39
2020-10-30,Great Lakes,Central Illinois,79.18,88.25
2020-10-30,Great Lakes,Chicago,88.8,84.4
2020-10-30,Great Lakes,Detroit,72.56,61.78
2020-10-30,Great Lakes,Gateway,89.8,89.48
2020-10-30,Great Lakes,Greater Indiana,93.92,89.35
2020-10-30,Great Lakes,Greater Michigan,80.76,84.87
2020-10-30,Great Lakes,Lakeland,88.89,92.64
2020-10-30,Northeast,Albany,90.21,92.38
2020-10-30,Northeast,Caribbean,93.02,93.46
2020-10-30,Northeast,Connecticut Valley,91.83,87.7
2020-10-30,Northeast,Greater Boston,90.51,87.28
2020-10-30,Northeast,Long Island,91.08,87.32
2020-10-30,Northeast,New York,89.9,97.92
2020-10-30,Northeast,Northern New England,88.64,89.22
2020-10-30,Northeast,Northern New Jersey,91.53,92.91
2020-10-30,Northeast,Triboro,89.37,94.02
2020-10-30,Northeast,Westchester,91.84,88.02
2020-10-30,Pacific,Bay-Valley,92.78,96.2
2020-10-30,Pacific,Honolulu,91.27,96.27
2020-10-30,Pacific,Los Angeles,94.11,96.17
2020-10-30,Pacific,Sacramento,87.08,96.01
2020-10-30,Pacific,San Diego,92.32,97.67
2020-10-30,Pacific,San Francisco,93.38,96.44
2020-10-30,Pacific,Santa Ana,85.81,97.22
2020-10-30,Pacific,Sierra Coastal,92.85,96.12
2020-10-30,Southern,Alabama,87.75,66.09
2020-10-30,Southern,Arkansas,88.69,85.97
2020-10-30,Southern,Dallas,78.4,89.58
2020-10-30,Southern,Ft. Worth,85.37,91.7
2020-10-30,Southern,Gulf Atlantic,80.95,73.94
2020-10-30,Southern,Houston,89.58,93.9
2020-10-30,Southern,Louisiana,80.53,83.27
2020-10-30,Southern,Mississippi,83.99,81.76
2020-10-30,Southern,Oklahoma,91.32,94.58
2020-10-30,Southern,Rio Grande,90.27,94.28
2020-10-30,Southern,South Florida,80.66,87.12
2020-10-30,Southern,Suncoast,88.05,89.91
2020-10-30,Western,Alaska,88.83,85.48
2020-10-30,Western,Arizona,91.48,86.84
2020-10-30,Western,Central Plains,90.88,92.56
2020-10-30,Western,Colorado/Wyoming,67.73,65.03
2020-10-30,Western,Dakotas,91.85,94.45
2020-10-30,Western,Hawkeye,91.75,95
2020-10-30,Western,Mid-Americas,84.95,82.37
2020-10-30,Western,Nevada Sierra,92.39,95.97
2020-10-30,Western,Northland,89.21,90.04
2020-10-30,Western,Portland,93.83,95.4
2020-10-30,Western,Salt Lake City,91.2,95.27
2020-10-30,Western,Seattle,87.73,93.5
2020-10-31,Capital Metro,Atlanta,82.13,56.51
2020-10-31,Capital Metro,Baltimore,71.14,74.76
2020-10-31,Capital Metro,Capital,74.61,89.77
2020-10-31,Capital Metro,Greater S Carolina,69.15,66.73
2020-10-31,Capital Metro,Greensboro,75.01,49.88
2020-10-31,Capital Metro,Mid-Carolinas,79.06,59.78
2020-10-31,Capital Metro,Norther Virginia,78.96,94.41
2020-10-31,Capital Metro,Richmond,87.87,60.79
2020-10-31,Eastern,Appalachian,89.84,93.82
2020-10-31,Eastern,Central Pennsylvania,64.84,44.85
2020-10-31,Eastern,Kentuckiana,90.37,94.61
2020-10-31,Eastern,Norther Ohio,74.02,55.55
2020-10-31,Eastern,Ohio Valley,82.46,89.68
2020-10-31,Eastern,Philadelphia Metropo,56.74,57.37
2020-10-31,Eastern,South Jersey,84.54,89.88
2020-10-31,Eastern,Tennessee,88.29,88.4
2020-10-31,Eastern,Western New York,89.15,92.49
2020-10-31,Eastern,Western Pennsylvania,88.68,93.34
2020-10-31,Great Lakes,Central Illinois,81.47,84.38
2020-10-31,Great Lakes,Chicago,83.05,86.5
2020-10-31,Great Lakes,Detroit,75.43,57.71
2020-10-31,Great Lakes,Gateway,88.37,86.1
2020-10-31,Great Lakes,Greater Indiana,91.41,91.94
2020-10-31,Great Lakes,Greater Michigan,82.81,79.66
2020-10-31,Great Lakes,Lakeland,87.61,89.61
2020-10-31,Northeast,Albany,90.92,91.4
2020-10-31,Northeast,Caribbean,93.75,98.7
2020-10-31,Northeast,Connecticut Valley,91.39,93.48
2020-10-31,Northeast,Greater Boston,91.41,81.23
2020-10-31,Northeast,Long Island,87.17,89.23
2020-10-31,Northeast,New York,88.22,97.82
2020-10-31,Northeast,Northern New England,89.38,81.7
2020-10-31,Northeast,Northern New Jersey,91.82,94.13
2020-10-31,Northeast,Triboro,90.92,90.61
2020-10-31,Northeast,Westchester,92.69,90.16
2020-10-31,Pacific,Bay-Valley,94.45,97.45
2020-10-31,Pacific,Honolulu,92.41,92.96
2020-10-31,Pacific,Los Angeles,95.43,95.59
2020-10-31,Pacific,Sacramento,92.54,94.27
2020-10-31,Pacific,San Diego,93.69,95.44
2020-10-31,Pacific,San Francisco,93.73,96.19
2020-10-31,Pacific,Santa Ana,91.43,94.98
2020-10-31,Pacific,Sierra Coastal,93.83,97.48
2020-10-31,Southern,Alabama,85.48,78.1
2020-10-31,Southern,Arkansas,87.33,90.64
2020-10-31,Southern,Dallas,84.83,90.01
2020-10-31,Southern,Ft. Worth,90.18,93.69
2020-10-31,Southern,Gulf Atlantic,82.83,70.65
2020-10-31,Southern,Houston,89.76,94.12
2020-10-31,Southern,Louisiana,88.9,80.62
2020-10-31,Southern,Mississippi,76.79,81.67
2020-10-31,Southern,Oklahoma,92.22,94.02
2020-10-31,Southern,Rio Grande,92.07,94.98
2020-10-31,Southern,South Florida,80.36,85.13
2020-10-31,Southern,Suncoast,91.15,87.92
2020-10-31,Western,Alaska,86.57,72.08
2020-10-31,Western,Arizona,91.91,88.76
2020-10-31,Western,Central Plains,88.61,88.73
2020-10-31,Western,Colorado/Wyoming,56.59,62.77
2020-10-31,Western,Dakotas,91.92,89.32
2020-10-31,Western,Hawkeye,92.52,93.55
2020-10-31,Western,Mid-Americas,88.54,85.51
2020-10-31,Western,Nevada Sierra,93.14,95.37
2020-10-31,Western,Northland,86.33,90.73
2020-10-31,Western,Portland,90.36,96.64
2020-10-31,Western,Salt Lake City,89.52,95.1
2020-10-31,Western,Seattle,87.6,92.25
2020-11-02,Capital Metro,Atlanta,87.21,68.45
2020-11-02,Capital Metro,Baltimore,79.65,74.7
2020-11-02,Capital Metro,Capital,82.14,95.14
2020-11-02,Capital Metro,Greater S Carolina,76.58,75.55
2020-11-02,Capital Metro,Greensboro,78.47,53.92
2020-11-02,Capital Metro,Mid-Carolinas,86.65,38.96
2020-11-02,Capital Metro,Norther Virginia,90.62,96.67
2020-11-02,Capital Metro,Richmond,89.98,78.11
2020-11-02,Eastern,Appalachian,89.79,83.19
2020-11-02,Eastern,Central Pennsylvania,69.98,43.63
2020-11-02,Eastern,Kentuckiana,93.23,92.97
2020-11-02,Eastern,Norther Ohio,79.43,65.85
2020-11-02,Eastern,Ohio Valley,89.43,90.84
2020-11-02,Eastern,Philadelphia Metropo,67.71,55.31
2020-11-02,Eastern,South Jersey,86.71,92.58
2020-11-02,Eastern,Tennessee,91.16,86.55
2020-11-02,Eastern,Western New York,94.07,94.53
2020-11-02,Eastern,Western Pennsylvania,92.22,95.79
2020-11-02,Great Lakes,Central Illinois,87.79,89.37
2020-11-02,Great Lakes,Chicago,86.13,89.73
2020-11-02,Great Lakes,Detroit,76.81,46.86
2020-11-02,Great Lakes,Gateway,90.87,90.77
2020-11-02,Great Lakes,Greater Indiana,93.5,92.01
2020-11-02,Great Lakes,Greater Michigan,85.28,85.39
2020-11-02,Great Lakes,Lakeland,89.53,92.1
2020-11-02,Northeast,Albany,93.85,96.37
2020-11-02,Northeast,Caribbean,93.9,85.6
2020-11-02,Northeast,Connecticut Valley,92.37,95.4
2020-11-02,Northeast,Greater Boston,92.43,89.44
2020-11-02,Northeast,Long Island,90.77,87.69
2020-11-02,Northeast,New York,91.82,98.66
2020-11-02,Northeast,Northern New England,91.77,86.14
2020-11-02,Northeast,Northern New Jersey,92.91,93.19
2020-11-02,Northeast,Triboro,93.96,93.73
2020-11-02,Northeast,Westchester,91.44,86.74
2020-11-02,Pacific,Bay-Valley,94.09,97.78
2020-11-02,Pacific,Honolulu,95.76,76.34
2020-11-02,Pacific,Los Angeles,96.32,95
2020-11-02,Pacific,Sacramento,92.74,92.61
2020-11-02,Pacific,San Diego,95.03,94.65
2020-11-02,Pacific,San Francisco,95.22,96.07
2020-11-02,Pacific,Santa Ana,94.94,94.53
2020-11-02,Pacific,Sierra Coastal,93.62,97.05
2020-11-02,Southern,Alabama,88.22,86.8
2020-11-02,Southern,Arkansas,92.59,93.72
2020-11-02,Southern,Dallas,90.72,93.95
2020-11-02,Southern,Ft. Worth,93.89,94.47
2020-11-02,Southern,Gulf Atlantic,87.76,75.07
2020-11-02,Southern,Houston,92.89,95.89
2020-11-02,Southern,Louisiana,88.17,88.33
2020-11-02,Southern,Mississippi,85.38,76.44
2020-11-02,Southern,Oklahoma,94.66,92.82
2020-11-02,Southern,Rio Grande,93,95.96
2020-11-02,Southern,South Florida,87.39,75.66
2020-11-02,Southern,Suncoast,93.63,86.21
2020-11-02,Western,Alaska,82.33,53.55
2020-11-02,Western,Arizona,92.15,87.3
2020-11-02,Western,Central Plains,91.36,93.35
2020-11-02,Western,Colorado/Wyoming,74.7,68
2020-11-02,Western,Dakotas,92.41,90.9
2020-11-02,Western,Hawkeye,92.53,94.7
2020-11-02,Western,Mid-Americas,90.08,80.78
2020-11-02,Western,Nevada Sierra,93.17,92.32
2020-11-02,Western,Northland,90.5,89.89
2020-11-02,Western,Portland,92,94.55
2020-11-02,Western,Salt Lake City,93.46,93.93
2020-11-02,Western,Seattle,92.1,93.66
2020-11-03,Capital Metro,Atlanta,65.13,80.36
2020-11-03,Capital Metro,Baltimore,61.65,83.28
2020-11-03,Capital Metro,Capital,73.65,95.21
2020-11-03,Capital Metro,Greater S Carolina,65.58,87.36
2020-11-03,Capital Metro,Greensboro,67.84,66.3
2020-11-03,Capital Metro,Mid-Carolinas,78.03,70.24
2020-11-03,Capital Metro,Norther Virginia,84.11,94.23
2020-11-03,Capital Metro,Richmond,80.63,89.57
2020-11-03,Eastern,Appalachian,81.66,93.79
2020-11-03,Eastern,Central Pennsylvania,56.86,27.84
2020-11-03,Eastern,Kentuckiana,83.57,95.29
2020-11-03,Eastern,Norther Ohio,62.71,79.18
2020-11-03,Eastern,Ohio Valley,71.96,93.1
2020-11-03,Eastern,Philadelphia Metropo,42.91,55.38
2020-11-03,Eastern,South Jersey,77.39,96.09
2020-11-03,Eastern,Tennessee,84.4,91.45
2020-11-03,Eastern,Western New York,89.96,97.32
2020-11-03,Eastern,Western Pennsylvania,85.49,95.79
2020-11-03,Great Lakes,Central Illinois,77.46,89.37
2020-11-03,Great Lakes,Chicago,59.76,89.2
2020-11-03,Great Lakes,Detroit,60.62,65.18
2020-11-03,Great Lakes,Gateway,79.33,89.89
2020-11-03,Great Lakes,Greater Indiana,81.4,90.92
2020-11-03,Great Lakes,Greater Michigan,78.21,88.17
2020-11-03,Great Lakes,Lakeland,78.18,93.8
2020-11-03,Northeast,Albany,91.84,96.06
2020-11-03,Northeast,Caribbean,84.08,72.7
2020-11-03,Northeast,Connecticut Valley,89.11,96.38
2020-11-03,Northeast,Greater Boston,87.8,93.73
2020-11-03,Northeast,Long Island,84.85,97.12
2020-11-03,Northeast,New York,87.94,98.12
2020-11-03,Northeast,Northern New England,87.67,96.49
2020-11-03,Northeast,Northern New Jersey,83.03,93.84
2020-11-03,Northeast,Triboro,85.87,94.98
2020-11-03,Northeast,Westchester,90.76,95.69
2020-11-03,Pacific,Bay-Valley,89.42,97.67
2020-11-03,Pacific,Honolulu,89.41,88.75
2020-11-03,Pacific,Los Angeles,70.41,95.41
2020-11-03,Pacific,Sacramento,79.29,95.35
2020-11-03,Pacific,San Diego,84.61,96.87
2020-11-03,Pacific,San Francisco,86.83,97.3
2020-11-03,Pacific,Santa Ana,79.07,97.31
2020-11-03,Pacific,Sierra Coastal,83.11,96.97
2020-11-03,Southern,Alabama,80.48,92.15
2020-11-03,Southern,Arkansas,85.56,92.54
2020-11-03,Southern,Dallas,78.01,93.83
2020-11-03,Southern,Ft. Worth,83.89,95.32
2020-11-03,Southern,Gulf Atlantic,72.64,87.4
2020-11-03,Southern,Houston,78.25,97.03
2020-11-03,Southern,Louisiana,79.75,84.06
2020-11-03,Southern,Mississippi,82.59,90.22
2020-11-03,Southern,Oklahoma,89.28,95.42
2020-11-03,Southern,Rio Grande,83.02,93.55
2020-11-03,Southern,South Florida,67.08,86.04
2020-11-03,Southern,Suncoast,75.87,94.46
2020-11-03,Western,Alaska,82.34,91.93
2020-11-03,Western,Arizona,77.15,88.33
2020-11-03,Western,Central Plains,87.37,94.21
2020-11-03,Western,Colorado/Wyoming,62.13,68.49
2020-11-03,Western,Dakotas,88.36,84.65
2020-11-03,Western,Hawkeye,87.56,95.24
2020-11-03,Western,Mid-Americas,79.48,87.21
2020-11-03,Western,Nevada Sierra,83.31,94.59
2020-11-03,Western,Northland,82.97,93.46
2020-11-03,Western,Portland,83.94,95.41
2020-11-03,Western,Salt Lake City,80.26,92.23
2020-11-03,Western,Seattle,83.54,95.2
